physical asset,location,ownership,commodity,Countries,status
Storm Recovery Property ,,"Duke Energy Carolinas, Duke Energy Progress, Duke Energy Florida Project Finance LLC (DEFPF), Duke Energy Florida, Duke Energy",Electricity,,
Abandoned Plants,,Duke Energy,,,
Ash Impoundments,"Duke Energy Carolinas, Duke Energy Progress, Various Sites Across Duke Energy's Operations, Duke Energy Florida, North Carolina Sites, North Carolina, South Carolina","Duke Energy, Duke Energy Carolinas, Duke Energy Progress, Duke Energy Florida, Duke Energy Indiana, Duke Energy Ohio","Electricity, Coal Combustion Byproduct, Waste Disposal, Coal Ash",USA,
Atlantic Coast Pipeline,"West Virginia, North Carolina",Atlantic Coast Pipeline LLC,Natural Gas,USA,
Buildings And Improvements,,Duke Energy,,,
Carolina Long Bay Offshore Wind Contract,,Duke Energy,Electricity,,
ccr landfills,"North Carolina,South Carolina","Duke Energy, Duke Energy Carolinas, Duke Energy Progress","Coal, Coal Combustion Residuals (CCR), Electricity",USA,
Central Corridor Project,Ohio Service Territory,Duke Energy Ohio,Natural Gas,USA,
Citrus County CC Plant,,Duke Energy Progress,Electricity,,
Co Emission Control Equipment  ,,Duke Energy,"Electricity, Natural Gas",,
Coal Ash Basins,"Indiana, North Carolina, South Carolina, Various sites across Duke Energy's operations","Duke Energy Indiana, Duke Energy Carolinas, Duke Energy Progress, Duke Energy, Duke Energy Florida, Duke Energy Ohio","Electricity, Coal",USA,
Coal Inventories,,Duke Energy,Fuel,,
Coal-Fired Generating Facilities,"North Carolina, Indiana, Florida, Ohio, South Carolina, Kentucky, Portions Of North Carolina And South Carolina, Portions Of Indiana","Duke Energy Carolinas, Duke Energy Progress, Duke Energy Indiana, Duke Energy Florida, Duke Energy Ohio, Duke Energy","Energy, Electricity",USA,
Commercial Renewables Business Segment,,Duke Energy,Energy Generation,,
Construction Projects,"North Carolina, South Carolina, Tennessee, Ohio, Kentucky",Duke Energy,Natural Gas,USA,
cooling water intake structures,,Duke Energy,"Electricity, Natural Gas 
",,
Crystal River Unit,"Crystal River, Florida","Duke Energy Florida, Duke Energy","Electricity, Electricity",USA,
Damage Assessors,Service Territories,Duke Energy,Electricity,,
Dan River Steam Station,"Eden, North Carolina, South Carolina","Duke Energy Carolinas, Duke Energy","Coal, Electricity",USA,
Debary Solar Plant,Duke Energy Florida,"Duke Energy, Utilities","Solar Energy, Electricity",USA,
Distributed Generation Group,"Regions Where Duke Energy Operates, North Carolina","Duke Energy, ArcLight affiliates, Duke Energy Carolinas",Electricity,USA,
Distribution Network,"Indiana, North Carolina",Duke Energy,Electricity,USA,
dual-fuel generating facilities,"Carolinas, Florida, Indiana, Ohio, EU & IS Service Area, Kentucky, North Carolina, South Carolina","Duke Energy Carolinas, Duke Energy Florida, Duke Energy Indiana, Duke Energy Ohio, EU&I, Duke Energy Progress, Duke Energy",Electricity,USA,
Duke Energy Carolinas Facilities,"North Carolina, South Carolina, Florida, Ohio, Tennessee, Indiana, Kentucky","Duke Energy Carolinas, Duke Energy, Duke Energy Progress"," Electricity, Electricity Distribution",USA,
"Duke Energy Indiana Holdco, LLC",Indiana,"Duke Energy, Duke Energy Indiana",Electricity,USA,
Electric Transmission Infrastructure Investments,Ohio,"Duke Energy, Duke Energy Carolinas, Duke Energy Ohio",Electricity ,USA,
 Regulated Electric Utilities,"Carolinas, Florida, Midwest","Duke Energy, Duke Energy Progress",Electricity,USA,
 Natural Gas Local Distribution Companies (in Ohio and Kentucky)  ,"Ohio,Kentucky",Duke Energy,Natural Gas,USA,
"Natural Gas Storage, Midstream Pipeline, and Renewable Natural Gas Investments","Carolinas, North Carolina, South Carolina, Tennessee, Ohio, Kentucky","Duke Energy Piedmont, Duke Energy Ohio, Duke Energy Kentucky","Natural Gas, Electricity",USA,
Electric Distribution,"Carolinas, Ohio","Duke Energy, Duke Energy Ohio",Electricity,USA,
"Electric Gas, Total Utilities And Infrastructure",,"Duke Energy Carolinas, Duke Energy Progress, Duke Energy, Duke Energy Ohio","Electricity, Natural Gas",,
Electric Generation,"North Carolina, Florida","Duke Energy, Duke Energy Progress, Duke Energy Florida","Electricity, Natural Gas",USA,
Electric Grid,North Carolina,Duke Energy,"Electricity, Natural Gas",USA,
Electric Transmission Projects,"Southeast Regions Of The Usa, Central California, North Carolina, South Carolina, Tennessee, Ohio, Kentucky","Duke Energy Carolinas, Duke Energy Progress, Duke Energy Florida, Duke Energy Indiana, Duke Energy Ohio, American Transmission Company, GIC, Duke Energy","Electricity, Natural Gas",USA,
Energy Storage,,"Duke Energy Progress, Duke Energy","Energy, Natural Gas, Electricity",,
equipment,"South Carolina, Tennessee, Florida, Kentucky, Ohio, Southeast And Midwest Regions Of The USA, Northern Appalachia, Illinois Basin, Portions Of Ohio And Kentucky","Duke Energy, Duke Energy Progress, Duke Energy Florida, Duke Energy Ohio, Duke Energy Indiana, Duke Energy Carolinas, Electric Utilities and Infrastructure, GIC,Duke Energy Kentucky, Progress Energy Inc LLC, Piedmont Natural Gas Company, Duke Energy ","Electricity, Natural Gas, Coal, Nuclear Fuel Materials And Services, Energy",USA,
Facilities,"North Carolina, Ohio, Kentucky, Florida, Tennessee, Illinois Basin, Central Appalachia, Carolinas, Southeast and Midwest regions of the USA","Duke Energy, Duke Energy Ohio, Duke Energy Indiana, Duke Energy Carolinas, Duke Energy Piedmont, Duke Energy Progress, Duke Energy Florida","Electricity, Natural Gas, Coal, Nuclear Fuel, Fossil Fuels, Energy Storage ",USA,
Fixtures,,Duke Energy,,,
Generation Facilities [Nuclear Plants],"North Carolina, Florida, South Carolina, Indiana","Duke Energy, Duke Energy Progress, Duke Energy Florida, Duke Energy Carolinas","Electricity, Natural Gas",USA,
Generation Portfolio,,Duke Energy,Electricity,,
infrastructure,"Florida, Indiana, North Carolina, Ohio, Kentucky, Tennessee,  Midwest, Southeast","Duke Energy, Duke Energy Florida, Duke Energy Ohio, Duke Energy Indiana, Duke Energy Kentucky, Duke Energy Progress, Duke Energy Carolinas, Piedmont, GIC","Electricity, Natural Gas, Propane, Clean Energy",USA,
interstate pipelines,"North Carolina, South Carolina, Tennessee, Ohio, Kentucky",Duke Energy,Natural Gas,USA,
Land,,Duke Energy,,,
Liquefied Natural Gas Inventories,,Duke Energy,Fuel,,
Midstream Pipeline,"Ohio, Kentucky",Duke Energy,Natural Gas,USA,
Natural Gas And Electric Assets,,Duke Energy,Natural Gas,,
Natural Gas Distribution And Transmission Activities ,"Portions of North Carolina, South Carolina, Tennessee, Ohio, Northern Kentucky","Duke Energy, Duke Energy Ohio, Duke Energy Kentucky, Duke Energy Florida","Natural Gas, Electricity",USA,
Natural Gas Pipelines,"Ohio, Kentucky, North Carolina, South Carolina, Tennessee"," Duke Energy Ohio, Duke Energy, Interstate Pipeline Companies, ","Natural Gas, Electricity",USA,
Natural Gas-Fired Power Plants,"North Carolina, South Carolina, Indiana, Florida, Ohio","Duke Energy, Duke Energy Carolinas, Duke Energy Florida, Duke Energy Indiana, Duke Energy Ohio, Duke Energy Progress",Electricity,USA,
"Net Property, Plant And Equipment",,"Duke Energy Progress, Progress Energy Inc., Duke Energy Ohio, Duke Energy Indiana, LLC, Piedmont Natural Gas Company, Duke Energy, Duke Energy Carolinas, Duke Energy Florida, Duke Energy ","Regulated Natural Gas, Nonregulated Natural Gas, Electric Generation",,
Nuclear Fuel ,,Duke Energy,Electric Generation,,
Nuclear Reactors,"Carolinas, Florida, Indiana, Ohio, EU & Is Service Area",Duke Energy,,USA,
Nuclear Stations,"Duke Energy Carolinas, Duke Energy Progress, Florida, Oconee","Duke Energy Carolinas, Duke Energy Progress, Florida Power & Light",Electricity,USA,
Oconee Nuclear Station,"South Carolina, Oconee, North Carolina",Duke Energy Carolinas,"Energy Production, Electricity",USA,
Offshore Wind Farm ,Atlantic Ocean  east of Wilmington,,"Wind Energy, Electricity",,
Ovec's Power Plants,"Duke Energy Carolinas Service Territories, North Carolina, South Carolina, Indiana","Duke Energy Ohio, OVEC, Duke Energy, Duke Energy Carolinas, Duke Energy Progress, Duke Energy Florida",Electricity,USA,
pipeline projects,"Ohio, Kentucky, North Carolina, South Carolina, Tennessee","Duke Energy, KO Transmission",Natural Gas,USA,
Pipeline Transportation Capacity,"Ohio, Kentucky","Dominion, Duke Energy, KO Transmission (Wholly Owned Subsidiary of Duke Energy Ohio), Duke Energy Ohio",Natural Gas,USA,
Plant In Service,,Duke Energy,Electricity,,
Production Facilities,"Jubail, Saudi Arabia",NMC,"Petrochemicals, Plastics 

",Saudi Arabia,
Propane Peaking Facilities,,Duke Energy Ohio,,,
Properties,,Duke Energy,,,
Real Estate,,Duke Energy Carolinas,Electricity  ,,
Recently Completed Plants,,Duke Energy,Electricity,,
regulated generation fleet,Service Territories,Duke Energy,"Electricity, Energy Generation",,
regulated plants ,,Duke Energy,Electricity,,
Renewable Energy Certificates,,Duke Energy,"Renewable Energy, Electricity",,
Renewable Operating And Development Projects,,Duke Energy,"Renewable Energy, Electricity",,
Renewables,"North Carolina, South Carolina, Indiana","Duke Energy, Duke Energy Progress, Duke Energy Carolinas","Electricity, Energy Generation",USA,
Retired Generating Plants,"Indiana, EU & IS Service Area",Duke Energy Indiana,Electricity,USA,
Substations,"Moore County, North Carolina",Duke Energy,Electricity,USA,
Surface Impoundments,"North Carolina Sites, South Carolina",Duke Energy,"Coal, Ash ",USA,
Targeted Underground Infrastructure,North Carolina,Duke Energy,Electricity,USA,
Transmission And Distribution Investments,Ohio,"Duke Energy Progress, Duke Energy, Duke Energy Florida, Duke Energy Ohio","Energy, Electricity, Natural Gas Transmission And Distribution, Electricity Supply",USA,
transmission systems and lines,"North Carolina, South Carolina, Tennessee, Ohio, Kentucky, Indiana",Duke Energy,"Natural Gas, Electricity",USA,
Transportation Systems (Pipelines),,Duke Energy,Fuel Sources,,
two-unit AP1000 Nuclear Power Plant,,"Duke Energy Florida, Westinghouse Electric Company LLC, Stone & Webster Inc., Duke Energy",,,
Wastewater Treatment Systems,,Duke Energy,"Electricity, Natural Gas",,
Wind Or Solar Facilities,Texas,Duke Energy,Electricity,USA,
Operating and offshore Pipelines & transmission facilities,"North Carolina, South Carolina, Tennessee, Ohio, Kentucky","Duke Energy, Duke Energy Ohio, Duke Energy Kentucky, Interstate Pipeline Companies","Natural Gas, Electricity",USA,
Physical Plant Security,,Duke Energy,Electricity,,
"Electric Generation Plants (Including Coal, Nuclear And Renewables)",Various States,Duke Energy,Electricity,,
"Property, Plant And Equipment Related To Renewable Energy Plants","Texas, PJM West Market","Duke Energy, Progress Energy Inc., Duke Energy Ohio, Duke Energy Indiana, Piedmont Natural Gas Company, Duke Energy Progress, Duke Energy Carolinas, Duke Energy Florida, Duke Energy ","Electricity, Solar, Wind, Natural Gas",USA,
Coal Units ,"Crystal River, North Carolina, South Carolina, Indiana 


Let me know if you have another cell value you'd like me to clean!","Duke Energy Progress, Duke Energy Carolinas, Duke Energy","Electric Generation, Electricity",USA,
Hydropower Plants,"North Carolina, South Carolina, Indiana",Duke Energy,Electricity,USA,
Coal Ash Impoundments (physical assets used for Energy Generation),"Indiana, North Carolina, South Carolina, Various Sites Across Duke Energy Operations","Duke Energy Indiana, Duke Energy Carolinas, Duke Energy Progress, Duke Energy Florida, Duke Energy Ohio, Duke Energy","Coal,Ash",USA,
Utility-Scale Wind And Solar Generation Assets,"Throughout the USA, Texas","Duke Energy, Duke Energy Progress, Brookfield Affiliates","Energy, Electricity","USA,  Texas",
Lee Nuclear Project,South Carolina,Duke Energy Carolinas,Electricity,USA,
Propane Caverns,Ohio,Duke Energy Ohio,Propane,USA,
Infrastructure Upgrade Investments,"Tennessee, North Carolina",Duke Energy Piedmont,Electricity,USA,
Plant Additions,"Tennessee, North Carolina",Duke Energy Piedmont,Electricity,USA,
Robeson County LNG Facility,Robeson County,Duke Energy Piedmont,Natural Gas,USA,
Pender Onslow County Expansion Project,Pender Onslow County,Duke Energy Piedmont,Natural Gas,USA,
McGuire Unit,North Carolina,Duke Energy Carolinas,Electricity,USA,
Brunswick Unit,,Duke Energy Progress,Electricity,,
"Natural gas and fuel oil supply, transportation and storage infrastructure","EU Service Area, Ohio, Northern Kentucky","Duke Energy Piedmont, Duke Energy Ohio, Duke Energy Kentucky","Natural Gas, Fuel Oil",USA,
"Duke Energy Ohio [Electric Generation Facility] 


Let me know if you'd like me to process another cell!  I'm ready for your next instruction.",Ohio,Duke Energy,,USA,
CCR Materials,Off-Site Locations,Duke Energy,Electricity,,
Coal Plants,"Carolinas, Florida, Indiana, Ohio, North Carolina, South Carolina","Duke Energy, Duke Energy Carolinas, Duke Energy Florida, Duke Energy Indiana, Duke Energy Ohio, Duke Energy Progress","Electricity, Power Generation",USA,
Riverbend Plant,North Carolina,"Duke Energy Carolinas, Duke Energy Progress",Electricity,USA,
"Catwba Unit, Oconee Unit, Robinson Unit",,"Duke Energy Carolinas, Duke Energy Progress",Electricity,,
Hydrogen-Capable Natural Gas Generation,,,Electricity,,
key transmission facilities,"North Carolina, South Carolina, Tennessee, Ohio, Kentucky",Duke Energy,"Electricity, Natural Gas",USA,
Pumped Hydro Storage,,Utilities,Electricity,,
replacement generating units,"North Carolina, South Carolina, Indiana","Duke Energy Carolinas, Duke Energy Progress, Duke Energy",Electricity,USA,
Associated Transmission Infrastructure,,Duke Energy,Electricity,,
Edwardsport Integrated Gasification Combined Cycle (IGCC) Plant,Indiana,Duke Energy Indiana,Electricity,USA,
Commercial Nuclear Power Plants,"North Carolina, South Carolina, Indiana","NEIL, Duke Energy Carolinas, Duke Energy Progress, Duke Energy Florida, Duke Energy","Electricity, Energy Production",USA,
Sabal Trail (Pipeline),Florida,Duke Energy,Natural Gas,USA,
ACP Pipeline  ,"Ohio,Kentucky",Duke Energy,Natural Gas,USA,
Wind Group,Texas,Brookfield Affiliates,Electricity,USA,
generating plant,"North Carolina, South Carolina, Florida, Ohio, Kentucky, Indiana, Portions Of North Carolina And South Carolina, Portions Of Indiana, Eu & Is Service Area","Duke Energy Carolinas, Duke Energy Florida, Duke Energy Progress, Duke Energy, Duke Energy Ohio, Duke Energy Indiana",Electricity,USA,
Engineered Off-Site Or On-Site Lined Landfills,,Duke Energy,Coal,,
Spent Fuel Pools,,"Duke Energy Carolinas, Duke Energy Progress, Duke Energy Florida",Spent Nuclear Fuel  Storage,,
dry cask storage facilities,,"Duke Energy Carolinas, Duke Energy Progress, Duke Energy Florida",Nuclear Fuel Storage,,
W.S. Lee Steam Station Site In South Carolina,South Carolina,Duke Energy,"Electricity, Coal",USA,
Catawba Nuclear Plant  ,South Carolina,Duke Energy Carolinas,,USA,
Belevws Creek Fossil,North Carolina,Duke Energy Carolinas,,USA,
Lincoln Combustion Turbine,North Carolina,Duke Energy Carolinas,,USA,
Mill Creek CT,South Carolina,Duke Energy Carolinas,,USA,
W.S. Lee Combined Cycle,South Carolina,Duke Energy Carolinas,,USA,
Bad Creek Hydro,South Carolina,Duke Energy Carolinas,,USA,
Jocassee Hydro [Hydroelectric Dam],South Carolina,Duke Energy Carolinas,,USA,
Cowans Ford Hydroelectric Plant,North Carolina,Duke Energy Carolinas,,USA,
Keowee Hydro,South Carolina,Duke Energy Carolinas,,USA,
Distribution Mains,,Duke Energy,Natural Gas,,
Bulk Electric System,"Carolinas, Service Territories",Duke Energy,Electricity,USA,
Coal Ash Basin Sites,"Impacted Regions, South Carolina",Duke Energy ,Electricity,USA,
broad river(a) energy station,CA, Duke Energy,electricity,USA,
caprock solar plant,NM, Duke Energy,electricity,USA,
commercial renewables solar,TX, Duke Energy,electricity,USA,
conetoe ii solar,CO, Duke Energy,electricity,USA,
creswell alligood solar,NC, Duke Energy,electricity,USA,
dogwood solar,NC, Duke Energy,electricity,USA,
highlander i & ii solar,CA, Duke Energy,electricity,USA,
holstein(a) solar,TX, Duke Energy,electricity,USA,
kelford solar,NC, Duke Energy,electricity,USA,
lapetus(a) solar,NC, Duke Energy,electricity,USA,
longboat solar,CA, Duke Energy,electricity,USA,
north rosamond(a) solar,TX, Duke Energy,electricity,USA,
other small solar(a),Various, Duke Energy,electricity,USA,
palmer(a) solar,NC, Duke Energy,electricity,USA,
pasquotank solar,NC, Duke Energy,electricity,USA,
pflugerville(a) solar,TX, Duke Energy,electricity,USA,
pumpjack solar,CA, Duke Energy,electricity,USA,
rambler solar,CA, Duke Energy,electricity,USA,
renewable|wind,"WY, WI", Duke Energy,electricity,USA,
rio bravo i & ii solar,CA, Duke Energy,electricity,USA,
seville i & ii,CA, Duke Energy,electricity,USA,
speedway(a),NC, Duke Energy,electricity,USA,
washington white post solar park,NC, Duke Energy,electricity,USA,
whitakers solar park,NC, Duke Energy,electricity,USA,
wildwood i & ii solar park,NC, Duke Energy,electricity,USA,
